City,Cloudiness,Country,Date,Humidity,Lat,Lng,Max Temp,Wind Speed
Ushuaia,40,AR,1583030139,76,-54.8,-68.3,51.8,9.17
Avarua,1,CK,1583030141,74,-21.21,-159.78,84.2,6.93
Ribeira Grande,89,PT,1583030142,88,38.52,-28.7,57.99,20.76
Kaitangata,68,NZ,1583030143,73,-46.28,169.85,58.21,13.91
Kapaa,75,US,1583030144,73,22.08,-159.32,82.4,23.04
Bluff,95,NZ,1583030145,46,-46.6,168.33,69.55,4.81
Sitka,90,US,1583030146,74,57.05,-135.33,37.4,5.82
Zaria,99,NG,1583030148,16,11.11,7.72,74.01,7.58
Albany,20,US,1583030149,57,42.6,-73.97,21.2,9.17
Richards Bay,71,ZA,1583030150,68,-28.78,32.04,70.27,4.83
Narsaq,0,GL,1583030151,35,60.92,-46.05,6.8,4.7
Jiexiu,15,CN,1583030152,24,37.02,111.91,38.82,5.66
Nikolskoye,75,RU,1583030154,92,59.7,30.79,30.99,4.47
New Norfolk,100,AU,1583030155,43,-42.78,147.06,71.01,6.93
Santa Maria,0,BR,1583030156,72,-29.68,-53.81,68.0,4.7
Saint-Philippe,22,RE,1583030157,78,-21.36,55.77,77.0,3.36
Hobart,100,AU,1583030158,43,-42.88,147.33,71.01,6.93
Biltine,0,TD,1583030159,11,14.53,20.92,75.31,19.44
Prieska,13,ZA,1583030161,65,-29.66,22.75,68.43,11.14
Mahébourg,40,MU,1583030162,94,-20.41,57.7,77.0,3.47
Hermanus,0,ZA,1583030163,81,-34.42,19.23,64.99,4.0
Darhan,100,MN,1583030164,79,49.49,105.92,14.9,5.5
Guerrero Negro,95,MX,1583030165,51,27.98,-114.06,63.55,11.34
Thompson,90,CA,1583030167,92,55.74,-97.86,23.0,8.05
Punta Arenas,100,CL,1583030023,87,-53.15,-70.92,55.4,14.99
Cherskiy,0,RU,1583030169,90,68.75,161.3,1.2,4.41
Tuktoyaktuk,20,CA,1583030170,74,69.45,-133.04,-23.8,9.17
Olafsvik,100,IS,1583030171,60,64.89,-23.71,34.07,14.54
Senneterre,90,CA,1583030172,84,48.38,-77.23,6.8,2.24
San Patricio,0,MX,1583030174,74,19.22,-104.7,76.96,11.95
Qaanaaq,0,GL,1583030175,70,77.48,-69.36,-24.59,5.73
Yanam,75,IN,1583030176,78,16.73,82.22,75.2,4.7
Sonqor,40,IR,1583030177,75,34.78,47.6,42.8,4.7
Jamestown,20,US,1583030057,78,42.1,-79.24,27.0,10.29
Bindura,99,ZW,1583030179,87,-17.3,31.33,60.66,7.67
Havelock,1,US,1583030175,35,34.88,-76.9,42.8,8.05
Lebu,0,CL,1583030182,89,-37.62,-73.65,52.39,2.51
Rikitea,100,PF,1583030183,80,-23.12,-134.97,79.66,15.3
Upernavik,87,GL,1583030184,89,72.79,-56.15,-23.28,3.8
Bathsheba,40,BB,1583030185,69,13.22,-59.52,78.8,14.99
Lusambo,100,CD,1583030186,94,-4.97,23.45,70.72,2.57
Atuona,16,PF,1583030187,77,-9.8,-139.03,81.84,17.45
Iqaluit,40,CA,1583030189,75,63.75,-68.51,-16.01,4.7
Mataura,41,NZ,1583030190,48,-46.19,168.86,70.12,6.58
Kumul,0,CN,1583030009,27,42.8,93.45,40.6,2.55
Butaritari,100,KI,1583030192,81,3.07,172.79,82.49,19.22
Haines Junction,100,CA,1583030193,97,60.75,-137.51,11.39,9.91
Port Elizabeth,0,ZA,1583030194,88,-33.92,25.57,64.4,10.29
Palmas,99,BR,1583030195,93,-10.21,-48.36,73.47,0.6
Abnūb,0,EG,1583030197,62,27.27,31.15,53.6,10.29
Port Montt,0,CL,1583030027,77,-41.47,-72.94,62.6,8.05
Bredasdorp,14,ZA,1583030199,87,-34.53,20.04,64.99,9.17
Kruisfontein,0,ZA,1583030200,91,-34.0,24.73,58.28,6.55
Kailua,1,US,1583029930,69,21.4,-157.74,78.8,18.34
Evensk,0,RU,1583030202,75,61.95,159.23,10.36,9.82
Segezha,57,RU,1583030203,86,63.74,34.32,12.04,5.82
Busselton,69,AU,1583030122,35,-33.65,115.33,75.99,15.93
Tuatapere,80,NZ,1583030206,44,-46.13,167.68,69.69,5.41
Gushikawa,75,JP,1583030207,79,26.35,127.87,77.0,13.87
Bethel,1,US,1583030208,41,41.37,-73.41,27.0,6.93
Caravelas,76,BR,1583030209,81,-17.71,-39.25,80.83,6.87
Vaini,20,TO,1583030210,74,-21.2,-175.2,86.0,12.75
Tuy Hoa,45,VN,1583030211,85,13.08,109.3,76.05,6.64
Bambous Virieux,40,MU,1583030213,94,-20.34,57.76,77.0,5.41
Bengkulu,100,ID,1583030214,58,-3.8,102.27,88.92,0.56
Tiksi,8,RU,1583030215,86,71.69,128.87,-2.99,7.31
Mar del Plata,0,AR,1583030141,100,-38.0,-57.56,68.0,2.24
Lázaro Cárdenas,0,MX,1583030217,81,17.96,-102.2,74.95,3.36
Marabu,75,MY,1583030219,83,4.41,114.01,84.2,4.7
East London,0,ZA,1583030220,76,-33.02,27.91,67.8,17.11
Bam,1,IR,1583030221,34,29.11,58.36,58.37,2.75
Puerto Ayora,22,EC,1583030222,100,-0.74,-90.35,80.01,5.01
Sakakah,0,SA,1583030223,58,29.97,40.21,53.6,10.29
Touros,75,BR,1583030224,94,-5.2,-35.46,77.0,3.36
Lavrentiya,0,RU,1583030226,85,65.58,-171.0,-2.11,8.37
Yellowknife,20,CA,1583030061,75,62.46,-114.35,-11.99,8.05
Fare,100,PF,1583030228,86,-16.7,-151.02,79.9,30.65
Riyadh,0,SA,1583030225,29,24.69,46.72,66.2,4.7
Nago,75,JP,1583030230,79,26.59,127.98,77.0,13.87
Kibala,0,TD,1583030232,56,9.11,18.35,71.6,3.36
Wahpeton,100,US,1583030233,86,46.27,-96.61,35.6,11.41
Otavalo,75,EC,1583030012,87,0.23,-78.27,59.0,5.82
Codrington,100,AU,1583030235,81,-38.27,141.97,63.14,22.84
Saint George,1,US,1583030208,33,37.1,-113.58,57.2,3.36
Salekhard,100,RU,1583030237,94,66.53,66.6,29.07,23.0
Yar-Sale,100,RU,1583030239,94,66.83,70.83,28.58,26.51
Mayo,1,US,1583030240,51,38.89,-76.51,35.01,11.41
Bethanien,70,NA,1583030241,50,-26.5,17.16,73.62,5.01
Preobrazheniye,80,RU,1583030242,79,42.9,133.91,27.23,4.16
Mackenzie,75,CA,1583030243,68,55.3,-123.17,26.6,0.63
Havøysund,100,NO,1583030244,62,71.0,24.66,24.8,21.92
Kualakapuas,100,ID,1583030246,60,-3.01,114.39,89.76,3.42
Chumphon,0,TH,1583030247,69,10.33,98.83,82.4,4.7
Port Blair,1,IN,1583030248,75,11.67,92.75,80.73,11.77
Pevek,100,RU,1583030249,96,69.7,170.31,-0.49,4.47
Cape Town,0,ZA,1583029983,82,-33.93,18.42,64.99,2.24
Laguna,1,US,1583030251,54,38.42,-121.42,59.0,11.41
Leningradskiy,99,RU,1583030253,88,69.38,178.42,2.89,13.44
Vardø,60,NO,1583030254,82,70.37,31.11,22.78,5.46
Ambon City,40,ID,1583030255,63,-3.7,128.18,91.4,8.05
Takoradze,5,GH,1583030256,95,4.88,-1.76,78.21,4.59
Dubbo,0,AU,1583030257,24,-32.25,148.62,89.6,16.11
Tazovsky,100,RU,1583030258,79,67.47,78.7,15.22,28.7
Hofn,100,IS,1583030259,67,64.25,-15.21,39.58,42.73
Necochea,0,AR,1583030154,94,-38.55,-58.74,64.0,1.99
Castro,59,BR,1583030262,92,-24.79,-50.01,58.86,8.52
Jaumave,40,MX,1583030263,56,23.42,-99.38,69.8,21.92
Hithadhoo,54,MV,1583030264,78,-0.6,73.08,82.69,13.69
San Felipe,59,VE,1583029976,92,10.34,-68.74,70.18,0.96
Popondetta,100,PG,1583030266,84,-8.75,148.25,82.22,3.67
Mount Isa,69,AU,1583030268,26,-20.73,139.5,96.8,10.29
Nantucket,1,US,1583030269,39,41.28,-70.1,30.2,11.41
Chiredzi,65,ZW,1583030270,91,-21.05,31.67,62.4,3.47
San Quintín,100,MX,1583030271,78,30.48,-115.95,59.13,5.23
Lompoc,90,US,1583030050,76,34.64,-120.46,55.99,9.17
Nioro,0,GM,1583030273,8,13.35,-15.75,74.05,5.37
Avera,1,US,1583030275,56,33.19,-82.53,45.0,6.91
Tura,0,IN,1583030276,39,25.52,90.22,80.02,4.9
Berbérati,58,CF,1583030221,43,4.26,15.79,69.42,2.71
Ucluelet,20,CA,1583030207,65,48.93,-125.55,46.4,12.75
Tasiilaq,100,GL,1583030279,72,65.61,-37.64,15.8,2.24
Chui,0,UY,1583030280,86,-33.7,-53.46,66.97,6.2
Krasnoarmeysk,32,RU,1583030281,71,51.02,45.7,30.99,1.99
Yerbogachën,98,RU,1583030283,94,61.28,108.01,6.06,5.75
Voskresenskoye,1,RU,1583030284,85,56.84,45.43,23.9,7.99
Ust'ye,10,RU,1583030285,91,59.63,39.74,15.98,10.49
Volchikha,48,RU,1583030286,85,52.03,80.38,22.3,4.68
Erdenet,100,MN,1583030287,82,49.03,104.08,14.23,4.38
Puerto Escondido,75,MX,1583030289,88,15.85,-97.07,82.4,5.82
Kahului,40,US,1583030290,69,20.89,-156.47,75.2,13.87
Rundu,100,NA,1583030291,100,-17.93,19.77,68.0,1.12
Kiryat Gat,20,IL,1583030101,71,31.61,34.76,57.2,20.8
Port-Gentil,100,GA,1583030293,79,-0.72,8.78,81.95,15.1
Tomatlán,0,MX,1583030294,64,19.93,-105.25,68.99,1.54
Armidale,44,AU,1583030296,44,-30.52,151.65,75.0,4.0
Marzuq,13,YE,1583030297,67,14.4,46.47,62.29,4.14
Yumen,73,CN,1583030298,28,40.28,97.2,32.92,14.74
Khairpur Nathan Shah,0,PK,1583030299,48,27.09,67.73,67.6,8.37
Alofi,1,NU,1583030300,62,-19.06,-169.92,86.0,14.99
Rio Grande,0,BR,1583030301,80,-32.03,-52.1,70.74,10.74
Santa Marinella,75,IT,1583030303,82,42.03,11.85,55.4,13.87
Port Alfred,0,ZA,1583030304,92,-33.59,26.89,62.01,4.0
Talcahuano,90,CL,1583030305,93,-36.72,-73.12,57.2,6.93
Kizema,100,RU,1583030306,88,61.11,44.83,19.49,10.98
Port Lincoln,100,AU,1583030307,39,-34.73,135.87,75.6,13.18
Dingle,88,PH,1583030309,64,11.0,122.67,83.03,11.21
Dobele,90,LV,1583030310,100,56.62,23.28,33.8,11.41
Pacific Grove,75,US,1583030311,62,36.62,-121.92,53.6,12.75
Saint Paul Harbor,90,US,1583030312,97,57.79,-152.41,33.8,4.7
Luwingu,100,ZM,1583030313,97,-10.26,29.93,65.14,3.18
Barrow,1,US,1583030314,83,71.29,-156.79,-11.2,6.93
Lata,75,PT,1583030316,93,40.16,-8.33,55.4,5.82
Faanui,100,PF,1583030317,85,-16.48,-151.75,80.67,31.0
Saskylakh,74,RU,1583030318,92,71.92,114.08,-0.38,11.72
Ancud,0,CL,1583030319,77,-41.87,-73.82,62.6,13.87
Prince Rupert,75,CA,1583030320,68,54.32,-130.32,41.0,5.82
Norman Wells,75,CA,1583030321,76,65.28,-126.83,-9.4,4.7
Corinth,20,GR,1583030087,69,37.94,22.96,46.99,3.36
Atar,0,MR,1583030324,12,20.52,-13.05,66.97,7.65
Inhambane,100,MZ,1583030325,73,-23.86,35.38,74.53,15.68
Henties Bay,100,NA,1583030326,82,-22.12,14.28,66.56,2.75
Manaure,0,CO,1583030327,87,11.78,-72.44,77.07,16.93
Chokurdakh,0,RU,1583030328,85,70.63,147.92,-1.52,6.4
Ponta Delgada,75,PT,1583030329,93,37.73,-25.67,60.8,16.11
Naze,75,JP,1583030331,88,28.37,129.48,69.8,11.41
Porto União,43,BR,1583030332,94,-26.24,-51.08,58.33,5.95
Doha,0,QA,1583030333,82,25.29,51.53,64.99,2.24
Strezhevoy,100,RU,1583030334,80,60.73,77.59,30.2,11.18
Inírida,0,CO,1583030335,89,3.87,-67.92,75.34,2.93
Vao,58,NC,1583030336,84,-22.67,167.48,80.31,14.32
El Tigre,4,VE,1583030337,66,8.89,-64.25,76.17,15.19
La Rochelle,100,FR,1583030339,76,46.17,-1.15,50.0,12.75
Rosetown,71,CA,1583030340,92,51.55,-108.0,30.99,28.99
Carnarvon,0,AU,1583030341,58,-24.87,113.63,82.4,18.34
Margate,34,GB,1583030342,75,51.38,1.39,42.01,20.8
Meulaboh,98,ID,1583030343,78,4.14,96.13,82.71,7.63
Verkhoyansk,0,RU,1583030344,64,67.54,133.38,-0.02,0.63
Tezu,0,IN,1583030345,32,27.92,96.17,73.13,3.0
Potrerillos,75,HN,1583030347,93,15.23,-87.97,66.2,3.36
Guiyang,90,CN,1583030285,93,26.58,106.72,53.6,6.71
Andenes,100,NO,1583030349,79,69.31,16.12,26.01,16.11
Bandarbeyla,0,SO,1583030350,69,9.49,50.81,77.13,11.32
Sorong,33,ID,1583030351,55,-0.88,131.25,94.42,1.25
Khorixas,100,NA,1583030352,92,-20.37,14.97,63.46,6.2
Pangnirtung,31,CA,1583030353,90,66.15,-65.71,-21.08,3.0
Turukhansk,71,RU,1583030355,86,65.82,87.98,5.4,9.75
Dikson,100,RU,1583030356,79,73.51,80.55,11.52,22.44
Nanortalik,0,GL,1583030357,64,60.14,-45.24,13.96,13.09
Severo-Kuril'sk,97,RU,1583030358,80,50.68,156.12,25.27,2.82
Presidencia Roque Sáenz Peña,0,AR,1583030359,47,-26.79,-60.44,70.88,2.68
Porteirinha,100,BR,1583030360,87,-15.74,-43.03,70.86,4.25
Provideniya,0,RU,1583030362,75,64.38,-173.3,0.45,14.2
Paita,92,PE,1583030363,75,-5.09,-81.11,77.76,9.86
Camacha,75,PT,1583030364,88,33.08,-16.33,64.4,11.41
Dali,0,CN,1583030365,45,25.7,100.18,58.8,4.47
Cacoal,75,BR,1583030366,96,-11.44,-61.45,70.65,2.26
Pochutla,75,MX,1583030367,88,15.74,-96.47,82.4,5.82
Jijiga,67,ET,1583030368,32,9.35,42.8,60.08,2.77
Vanimo,100,PG,1583030370,85,-2.67,141.3,80.91,11.95
Sørland,100,NO,1583030371,61,67.67,12.69,31.06,22.64
Iida,93,JP,1583030372,55,35.52,137.82,61.0,1.99
Comodoro Rivadavia,36,AR,1583030373,68,-45.87,-67.5,68.0,1.12
Ponta do Sol,20,PT,1583030374,72,32.67,-17.1,62.6,4.7
Lagoa,100,PT,1583030375,84,39.05,-27.98,61.84,27.16
Mangochi,100,MW,1583030377,99,-14.48,35.26,66.0,3.33
Camaná,91,PE,1583030378,82,-16.62,-72.71,67.28,4.0
Cap Malheureux,40,MU,1583030379,94,-19.98,57.61,77.0,5.12
Severiano Melo,62,BR,1583030380,89,-5.78,-37.96,75.22,4.18
Honolulu,40,US,1583030344,47,21.31,-157.86,78.8,23.04
Eldorado,0,BR,1583030382,90,-23.79,-54.28,66.47,1.25
Ongandjera,0,NA,1583030383,72,-17.88,15.07,64.17,6.24
Hasaki,75,JP,1583030344,50,35.73,140.83,59.0,8.05
Lüderitz,13,NA,1583030386,93,-26.65,15.16,64.4,9.17
Laas,75,IT,1583030387,79,46.62,10.7,32.0,10.29
Mezen',93,RU,1583030388,97,65.85,44.24,7.92,6.71
Nadym,100,RU,1583030389,89,65.53,72.52,28.96,26.04
Airai,87,TL,1583030390,52,-8.93,125.41,84.27,4.0
Latur,76,IN,1583030391,51,18.4,76.58,75.67,7.76
Tocopilla,0,CL,1583030393,71,-22.09,-70.2,60.84,1.74
Surgāna,0,IN,1583030394,23,20.57,73.62,75.52,2.35
Kavieng,75,PG,1583030395,69,-2.57,150.8,84.88,2.95
Mahon,65,ES,1583030396,87,39.89,4.27,57.2,9.17
Rabo de Peixe,75,PT,1583030397,93,37.8,-25.58,60.8,16.11
Kapit,100,MY,1583030398,85,2.02,112.93,80.33,0.18
Hirara,75,JP,1583030345,83,24.8,125.28,77.0,17.22
George Town,20,MY,1583030170,69,5.41,100.34,86.0,5.82
Mount Gambier,99,AU,1583030402,53,-37.83,140.77,73.4,17.22
Masuda,75,JP,1583030403,71,34.67,131.85,63.0,3.36
Ures,98,MX,1583030404,25,29.43,-110.4,75.0,1.01
Čajniče,12,BA,1583030405,40,43.56,19.07,37.4,10.29
Cabo San Lucas,20,MX,1583030406,68,22.89,-109.91,70.0,5.23
Yenangyaung,0,MM,1583030408,30,20.47,94.88,78.44,3.98
Saint Anthony,1,US,1583030409,74,45.02,-93.22,37.0,10.29
Hilo,20,US,1583030410,54,19.73,-155.09,78.8,13.87
Retie,40,BE,1583030411,75,51.27,5.08,43.0,16.11
Thaba-Tseka,20,LS,1583030412,95,-29.52,28.61,40.95,2.95
Neiafu,40,TO,1583030414,74,-18.65,-173.98,86.0,9.17
Cidreira,0,BR,1583030415,76,-30.18,-50.21,73.76,13.35
Khatanga,96,RU,1583030416,94,71.97,102.5,1.15,13.42
Portland,90,US,1583030168,81,45.52,-122.68,42.8,3.36
Roald,100,NO,1583030418,69,62.58,6.13,37.4,20.8
Makkah al Mukarramah,0,SA,1583030419,67,21.43,39.83,68.27,1.92
Xining,100,CN,1583030421,63,36.62,101.77,26.01,7.74
Rameswaram,100,IN,1583030422,73,9.28,79.3,79.84,13.53
Nicoya,0,CR,1583030423,61,10.15,-85.45,82.4,28.86
Manhattan,40,US,1583030210,39,40.78,-73.97,28.99,12.75
Ozar,0,IN,1583030281,25,20.1,73.93,73.98,1.23
Shingū,75,JP,1583030426,62,33.73,135.98,55.4,5.82
Geraldton,0,AU,1583030427,51,-28.77,114.6,82.4,18.34
San Miguel de Cozumel,40,MX,1583030403,53,20.51,-86.95,73.4,10.29
Ipilan,100,PH,1583030430,66,8.84,117.9,83.46,11.39
Tam Ky,20,VN,1583030431,78,15.57,108.48,80.6,3.36
Pisco,75,PE,1583030432,83,-13.7,-76.22,73.4,16.11
Korla,0,CN,1583030396,53,41.76,86.15,31.46,0.65
Zyryanka,0,RU,1583030434,78,65.75,150.85,14.4,13.76
Szczytno,100,PL,1583030436,86,53.56,20.99,41.0,12.75
Bouaké,0,CI,1583030437,61,7.69,-5.02,82.4,6.93
Omsukchan,100,RU,1583030438,99,62.53,155.8,-0.38,6.73
Aksu,20,CN,1583030439,35,41.12,80.26,44.06,2.62
Faya,0,SA,1583030440,76,18.39,42.45,57.2,4.7
Nyurba,100,RU,1583030441,93,63.28,118.33,4.01,3.47
Ingham,75,US,1583030443,58,42.6,-84.38,27.0,8.05
Zeya,98,RU,1583030444,88,53.75,127.27,12.24,3.8
Balaipungut,100,ID,1583030445,61,1.05,101.28,85.37,3.49
Vila Velha,75,BR,1583030419,94,-20.33,-40.29,77.0,3.36
Nizhniy Mamon,0,RU,1583030447,80,50.19,40.51,31.66,3.49
Ixtapa,5,MX,1583030448,88,20.7,-105.2,75.2,5.82
Krasnosel'kup,100,RU,1583030449,78,65.7,82.47,11.71,27.42
Ushibukamachi,100,JP,1583030451,87,32.19,130.02,55.87,10.27
Kabo,28,CF,1583030452,24,7.7,18.63,71.53,1.23
College,1,US,1583030322,64,64.86,-147.8,8.6,3.15
Pimentel,90,PE,1583030454,29,-6.84,-79.93,66.2,9.17
Jalu,0,LY,1583030455,74,29.03,21.55,54.9,5.08
Beloha,89,MG,1583030456,86,-25.17,45.05,69.31,13.67
Barcelos,75,PT,1583030458,100,41.54,-8.62,53.6,14.99
Macao,40,MO,1583030459,88,22.2,113.55,75.0,2.24
Isangel,75,VU,1583030460,79,-19.55,169.27,87.8,10.47
Safaga,0,EG,1583030461,64,26.73,33.94,51.85,4.32
Zigong,54,CN,1583030462,50,29.34,104.78,67.8,5.3
Galle,92,LK,1583030463,78,6.04,80.22,78.89,6.78
Puerto del Rosario,20,ES,1583030465,82,28.5,-13.86,62.6,8.05
Quatre Cocos,40,MU,1583030466,94,-20.21,57.76,77.0,4.0
Oktyabr'skoye,100,RU,1583030467,88,43.06,44.74,31.08,2.84
Province of Mantua,75,IT,1583030468,81,45.17,10.78,50.0,5.82
Talagang,0,PK,1583030469,80,32.93,72.42,55.35,3.29
Alice Springs,100,AU,1583030470,12,-23.7,133.88,95.0,14.99
Hong Kong,40,HK,1583030224,88,22.29,114.16,75.99,4.7
Atbasar,100,KZ,1583030464,82,51.8,68.33,21.15,9.33
Antofagasta,95,CL,1583030474,82,-23.65,-70.4,66.2,10.29
Esperance,90,AU,1583030475,82,-33.87,121.9,64.4,21.92
Mana,54,GF,1583030476,90,5.66,-53.78,72.12,2.71
Turtas,100,RU,1583030477,91,58.94,69.13,28.76,10.92
Kara,9,TG,1583030478,19,9.55,1.19,74.25,3.24
Shelui,100,TZ,1583030480,95,-4.37,34.2,65.48,2.8
Obo,0,CF,1583030481,28,5.4,26.49,69.84,5.14
Flinders,59,AU,1583030482,51,-34.58,150.86,87.01,9.17
Kaifeng,90,CN,1583030285,87,34.79,114.35,44.6,6.71
Yangi Marg`ilon,0,UZ,1583030484,61,40.43,71.72,37.4,4.7
Khani,90,GE,1583030485,100,41.96,42.96,46.4,14.99
Auki,100,SB,1583030487,67,-8.77,160.7,85.53,3.2
Misratah,0,LY,1583030488,67,32.38,15.09,61.48,15.39
Berlevåg,100,NO,1583030489,71,70.86,29.09,29.71,15.82
Ambāgarh Chauki,0,IN,1583030490,30,20.78,80.72,77.63,5.03
Rafaela,0,AR,1583030491,47,-31.25,-61.49,75.0,1.01
Khovu-Aksy,100,RU,1583030492,83,51.13,93.6,19.99,4.5
Port-Cartier,75,CA,1583030494,92,50.03,-66.87,12.2,4.7
Ilulissat,29,GL,1583030495,51,69.22,-51.1,-14.8,3.36
Dukat,17,RU,1583030496,91,62.55,155.55,4.05,4.72
Jerome,90,US,1583030497,44,42.72,-114.52,39.2,10.29
Campos Novos,8,BR,1583030498,98,-27.4,-51.23,56.77,4.32
Coyhaique,37,CL,1583030499,72,-45.58,-72.07,59.0,4.7
Makakilo City,90,US,1583030500,77,21.35,-158.09,78.8,12.75
Port Hueneme,1,US,1583030502,77,34.15,-119.2,60.8,8.05
Hambantota,0,LK,1583030503,100,6.12,81.12,75.2,3.36
Sistranda,75,NO,1583030504,68,63.73,8.83,27.0,16.11
Maracaçumé,100,BR,1583030505,98,-2.04,-45.96,74.41,2.86
Esim,5,GH,1583030506,95,4.87,-2.24,78.21,4.59
Sur,0,OM,1583030508,48,22.57,59.53,67.75,5.21
Kouango,79,CF,1583030509,40,4.99,19.96,75.06,3.89
Marsaxlokk,20,MT,1583030510,100,35.84,14.54,59.0,12.75
Kobelyaky,0,UA,1583030511,77,49.15,34.2,33.98,6.04
Dzerzhinskoye,99,RU,1583030512,92,56.83,95.23,15.64,8.5
Arraial do Cabo,89,BR,1583030500,87,-22.97,-42.03,76.33,15.57
Minna,81,NG,1583030515,14,9.61,6.56,85.57,3.15
Perbaungan,75,ID,1583030516,83,3.57,98.96,86.0,8.05
Phayao,0,TH,1583030517,34,19.25,100.25,87.62,3.15
Klaksvík,100,FO,1583030518,91,62.23,-6.59,39.2,29.97
Williston,40,US,1583030512,60,48.15,-103.62,42.8,11.41
Atasū,100,KZ,1583030520,63,48.68,71.64,26.74,7.4
Port Macquarie,19,AU,1583030522,54,-31.43,152.92,91.0,8.05
Omboué,100,GA,1583030523,93,-1.57,9.26,74.59,4.54
Kaduqli,0,SD,1583030524,11,11.02,29.72,73.65,16.02
Sarankhola,0,BD,1583030525,34,22.31,89.79,78.8,3.47
General Roca,0,AR,1583030526,44,-39.03,-67.58,77.0,3.36
Mehamn,100,NO,1583030527,79,71.04,27.85,23.05,12.19
San Luis,0,AR,1583030284,28,-33.3,-66.34,76.78,10.16
Córdoba,0,AR,1583030275,88,-31.41,-64.18,75.99,6.93
Dhidhdhoo,40,MV,1583030531,76,6.88,73.1,82.11,11.32
Las Palmas,20,ES,1583030532,82,28.42,-14.01,60.8,8.05
Turaif,40,SA,1583030531,93,31.67,38.66,46.4,14.99
Longyearbyen,40,SJ,1583030534,77,78.22,15.64,-2.2,10.29
Marfino,100,RU,1583030536,92,55.7,37.38,32.0,4.47
Fairbanks,1,US,1583030537,64,64.84,-147.72,5.0,3.47
Coquimbo,4,CL,1583030508,87,-29.95,-71.34,60.8,5.82
Burgeo,59,CA,1583030539,84,47.62,-57.62,30.56,5.3
Sanming,97,CN,1583030540,72,26.25,117.62,66.47,4.47
Markovo,99,RU,1583030541,90,57.32,107.09,15.84,1.61
Volkhov,100,RU,1583030543,90,59.93,32.34,27.19,9.84
Ribas do Rio Pardo,0,BR,1583030544,91,-20.44,-53.76,67.75,4.47
Banda Aceh,52,ID,1583030545,63,5.56,95.32,84.94,7.09
Burns Lake,0,CA,1583030525,92,54.23,-125.75,21.45,2.66
Uslar,75,DE,1583030547,75,51.66,9.63,43.0,11.41
Deputatsky,0,RU,1583030548,63,69.3,139.9,4.82,4.76
Cortez,75,US,1583030549,33,37.35,-108.59,42.8,3.89
Ahipara,100,NZ,1583030551,68,-35.17,173.17,84.99,1.99
Sühbaatar,100,MN,1583030552,81,50.23,106.21,13.3,3.29
San Andrés,75,CO,1583030371,83,12.58,-81.7,78.8,13.87
Cabras,91,IT,1583030554,93,39.93,8.53,50.0,4.0
Cervo,11,ES,1583030555,1,43.67,-7.41,51.01,18.01
Nome,1,US,1583030556,55,64.5,-165.41,9.0,4.7
Sulina,17,RO,1583030558,88,45.16,29.65,39.25,5.84
Rumoi,100,JP,1583030559,88,43.93,141.64,28.53,9.55
Marawi,41,PH,1583030560,58,8.0,124.29,79.18,5.23
Wanning,15,CN,1583030561,74,18.8,110.4,77.9,5.5
Zhigansk,84,RU,1583030562,97,66.77,123.37,-6.41,7.38
Ust-Kuyga,0,RU,1583030464,86,70.02,135.6,-4.31,7.34
Dumas,1,US,1583030565,24,35.87,-101.97,66.2,9.17
Conakry,0,GN,1583030566,83,9.54,-13.68,80.6,2.24
Brae,99,GB,1583030567,70,60.4,-1.35,39.2,16.11
Torbay,5,CA,1583030568,73,47.67,-52.73,23.0,10.29
Matara,91,LK,1583030569,65,5.95,80.54,81.68,5.48
La Ronge,90,CA,1583030570,79,55.1,-105.28,26.6,13.87
Revúca,40,SK,1583030571,74,48.68,20.12,34.0,9.17
Kincardine,75,GB,1583030573,86,56.07,-3.72,41.0,33.33
Acarí,100,PE,1583030574,79,-15.43,-74.62,69.1,2.01
Danilovka,0,RU,1583030575,83,50.36,44.12,30.7,3.96
Saint-Augustin,0,CA,1583030552,89,51.23,-58.65,12.54,3.29
Almeirim,62,BR,1583030577,88,-1.52,-52.58,76.51,3.02
Alvorada,100,BR,1583030578,94,-12.48,-49.12,74.37,3.74
Katsuura,75,JP,1583030579,47,35.13,140.3,64.99,4.7
Poronaysk,25,RU,1583030581,85,49.22,143.12,15.84,3.62
Broken Hill,41,AU,1583030582,13,-31.95,141.43,91.4,12.75
Lake City,1,US,1583030467,61,30.19,-82.64,51.01,3.22
Galesong,75,ID,1583030584,79,-5.32,119.37,86.0,2.24
Luanda,75,AO,1583030585,88,-8.84,13.23,75.2,5.82
Linqiong,40,CN,1583030586,67,30.42,103.46,66.99,2.24
Orange Cove,1,US,1583030588,50,36.62,-119.31,69.8,5.82
Salalah,40,OM,1583030589,43,17.02,54.09,71.6,5.82
Kirakira,35,SB,1583030590,70,-10.45,161.92,85.19,5.32
Kurumkan,82,RU,1583030591,86,54.3,110.3,10.35,2.17
Acapulco de Juárez,5,MX,1583030522,74,16.86,-99.89,82.4,5.82
Lanzhou,99,CN,1583030593,63,36.06,103.79,48.99,6.71
Hammerfest,100,NO,1583030558,62,70.66,23.68,24.8,21.92
Praia,97,CV,1583030596,73,14.92,-23.51,71.6,13.87
Gouré,97,NE,1583030597,21,13.98,10.27,77.0,5.99
Vila Franca do Campo,75,PT,1583030598,93,37.72,-25.43,60.8,16.11
Saint-François,98,FR,1583030599,61,46.42,3.91,46.4,4.7
Buchanan,57,LR,1583030600,96,5.88,-10.05,76.95,3.91
Nanga Eboko,79,CM,1583030602,84,4.68,12.37,73.85,5.7
Yulara,100,AU,1583030468,30,-25.24,130.99,96.8,17.22
Poum,85,NC,1583030604,82,-20.23,164.02,83.26,14.94
Vulturu,72,RO,1583030605,70,45.62,27.42,39.45,14.23
Vieques,1,PR,1583030606,78,18.43,-65.83,78.8,4.7
Pitimbu,20,BR,1583030607,83,-7.47,-34.81,80.6,1.12
Te Anau,8,NZ,1583030608,68,-45.42,167.72,60.06,0.36
Sehwan,0,PK,1583030610,77,26.43,67.86,60.8,4.7
Saint-Pierre,21,RE,1583030611,78,-21.34,55.48,77.0,3.36
Chiang Klang,20,TH,1583030612,83,19.29,100.86,75.2,3.36
Muroto-misakicho,75,JP,1583030613,62,33.28,134.15,57.2,3.36
Grand Gaube,40,MU,1583030614,94,-20.01,57.66,77.0,5.12
Biak,80,ID,1583030615,69,-0.91,122.88,87.37,5.55
Markala,1,ML,1583030617,7,13.7,-6.07,71.69,9.66
Taoudenni,0,ML,1583030572,16,22.68,-3.98,66.72,6.4
Aklavik,20,CA,1583030619,69,68.22,-135.01,-13.0,4.7
Tecpan,20,GT,1583030620,72,14.76,-90.99,60.8,25.28
Egvekinot,0,RU,1583030621,83,66.32,-179.17,0.28,7.47
Alexandria,2,EG,1583030551,72,31.22,29.96,53.01,8.86
Vestmannaeyjar,100,IS,1583030624,71,63.44,-20.27,38.57,21.63
Pyinmana,0,MM,1583030625,23,19.73,96.22,88.18,3.76
Mandalgovi,100,MN,1583030626,54,45.76,106.27,19.08,19.35
Semey,34,KZ,1583030627,85,50.41,80.23,12.2,11.18
Ubinskoye,100,RU,1583030628,88,55.31,79.68,25.05,9.33
Ranfurly,56,NZ,1583030629,49,-45.13,170.1,73.0,5.82
Saldanha,0,ZA,1583030486,36,-33.01,17.94,75.2,3.36
Peniche,75,PT,1583030632,93,39.36,-9.38,59.0,5.82
Ţalkhā,42,EG,1583030633,73,31.05,31.38,50.68,8.39
Nhulunbuy,40,AU,1583030634,70,-12.23,136.77,87.8,5.82
Krasnoturansk,40,RU,1583030635,79,54.32,91.56,26.6,6.71
Batagay,0,RU,1583030636,71,67.63,134.63,3.42,2.21
Panama City,20,PA,1583030541,74,8.99,-79.52,78.8,8.05
Birao,90,CF,1583030639,15,10.28,22.79,71.64,11.61
Golden,75,US,1583030640,22,39.76,-105.22,51.8,11.41
Boyolangu,76,ID,1583030528,70,-8.12,111.89,85.14,1.86
Wajid,100,SO,1583030642,86,3.81,43.25,68.45,13.94
Olinda,40,BR,1583030643,83,-8.01,-34.86,80.6,5.82
São João da Barra,100,BR,1583030644,94,-21.64,-41.05,73.99,3.27
Bilma,0,NE,1583030646,15,18.69,12.92,68.36,6.87
Kitimat,75,CA,1583030647,74,54.05,-128.65,35.6,4.7
Urmia,20,IR,1583030648,80,37.55,45.08,39.2,6.93
Ciudad Bolivar,1,VE,1583030649,68,8.12,-63.55,78.15,12.77
Goba,23,ET,1583030650,62,7.02,39.98,50.83,4.14
Batagay-Alyta,12,RU,1583030651,56,67.8,130.41,3.51,1.83
Lensk,96,RU,1583030652,89,60.73,114.93,13.57,2.06
Tselinnoye,97,RU,1583030654,96,53.08,85.67,21.78,3.56
Mahibadhoo,49,MV,1583030655,71,3.78,72.97,81.73,11.36
Russell,1,US,1583030656,61,32.35,-85.2,50.0,3.74
Kashgar,75,CN,1583030657,33,39.45,75.98,42.8,6.71
Taltal,12,CL,1583030658,87,-25.4,-70.48,61.03,1.43
Warendorf,75,DE,1583030659,70,51.95,7.98,43.0,16.11
Arrifes,75,PT,1583030661,93,37.77,-25.7,60.8,16.11
Tautira,75,PF,1583030662,94,-17.73,-149.15,75.2,5.82
Mitú,55,CO,1583030663,92,1.2,-70.17,74.05,1.9
Baruun-Urt,0,MN,1583030664,85,46.68,113.28,10.2,10.0
Kem',0,RU,1583030665,84,64.96,34.58,9.09,7.02
Mogadishu,100,SO,1583030622,83,2.04,45.34,79.72,13.98
Fortuna,40,US,1583030509,81,40.6,-124.16,48.2,16.11
Dapdap,0,PH,1583030669,68,12.06,125.49,80.26,9.69
Bara,27,NG,1583030670,19,10.37,10.73,74.25,6.6
Mandāwar,0,IN,1583030671,71,29.5,78.13,65.41,1.95
Nizhnyaya Tavda,100,RU,1583030672,95,57.67,66.17,23.67,7.7
Sault Ste. Marie,1,CA,1583030492,72,46.52,-84.33,17.6,4.7
Diu,0,IN,1583030674,70,20.71,70.98,73.81,9.04
La Orilla,0,MX,1583030676,81,17.98,-102.23,74.95,3.36
Abu Dhabi,0,AE,1583030423,93,24.47,54.37,69.01,3.36
Buraidah,0,SA,1583030500,62,26.33,43.98,53.6,8.05
Belaya Gora,0,RU,1583030556,79,68.53,146.42,8.69,5.68
Cururupu,100,BR,1583030680,97,-1.83,-44.87,74.01,1.57
Quryq,100,KZ,1583030464,72,43.2,51.65,45.9,14.92
Nakhon Sawan,96,TH,1583030683,51,15.7,100.14,91.0,3.2
Phuthaditjhaba,42,ZA,1583030684,97,-28.52,28.82,46.83,2.73
Kerrville,1,US,1583030609,44,30.05,-99.14,63.0,11.41
Salisbury,28,GB,1583030543,80,51.07,-1.8,45.0,21.92
Nabire,100,ID,1583030446,58,-3.37,135.48,89.74,6.33
Batangafo,28,CF,1583030688,24,7.3,18.28,71.53,1.23
Nemuro,75,JP,1583030690,73,43.32,145.57,24.8,4.7
Roebourne,40,AU,1583030691,37,-20.78,117.13,99.9,17.09
Souillac,40,MU,1583030692,94,-20.52,57.52,77.0,3.47
Ilo,64,PE,1583030693,87,-17.64,-71.34,72.18,3.29
Illapel,0,CL,1583030694,79,-31.63,-71.17,57.74,0.63
Siocon,100,PH,1583030695,77,7.71,122.14,81.72,10.87
Mbini,95,GQ,1583030697,82,1.57,9.61,82.27,9.95
Havre-St-Pierre,75,CA,1583030644,85,50.23,-63.6,17.6,10.29
Ciurila,100,RO,1583030699,80,46.65,23.55,36.0,8.05
Rurrenabaque,99,BO,1583030700,74,-14.44,-67.53,72.88,2.06
Elizabeth City,1,US,1583030691,43,36.29,-76.25,41.0,6.93
Grindavik,75,IS,1583030702,74,63.84,-22.43,35.6,12.75
Raudeberg,100,NO,1583030703,56,61.99,5.14,41.0,27.51
Talnakh,98,RU,1583030454,77,69.49,88.4,6.8,20.13
Ketchikan,75,US,1583030509,80,55.34,-131.65,42.8,11.41
Davidson,1,US,1583030707,55,36.15,-86.78,41.0,3.36
Nuuk,0,GL,1583030708,65,64.18,-51.72,3.2,9.17
Qaqortoq,0,GL,1583030709,35,60.72,-46.03,6.8,4.7
Riberalta,100,BO,1583030710,97,-10.98,-66.1,73.47,4.27
Departamento de Maldonado,0,UY,1583030666,88,-34.67,-54.92,68.0,6.93
Chifeng,95,CN,1583030713,65,42.27,118.96,22.68,10.49
Soubre,0,CI,1583030714,88,5.79,-6.61,76.33,2.24
Collie,86,AU,1583030715,34,-33.37,116.15,77.0,13.27
Jejūri,0,IN,1583030716,34,18.28,74.17,75.4,4.83
Harper,31,LR,1583030717,94,4.38,-7.72,77.65,3.24
Ulaangom,39,MN,1583030718,83,49.98,92.07,7.66,0.78
Ýpsonas,0,CY,1583030720,76,34.69,32.96,51.8,8.05
Shetpe,80,KZ,1583030721,82,44.17,52.12,35.92,9.42
Bilibino,100,RU,1583030722,97,68.05,166.44,-2.69,3.56
Hīt,0,IQ,1583030723,54,33.64,42.83,57.34,9.57
San Rafael del Sur,0,NI,1583030724,62,11.85,-86.44,77.27,11.65
Narasannapeta,16,IN,1583030725,61,18.42,84.05,77.32,4.23
Beringovskiy,0,RU,1583030727,83,63.05,179.32,-4.0,21.94
Nichinan,75,JP,1583030728,76,31.6,131.37,57.2,5.82
Santa Cruz de Tenerife,0,ES,1583030729,54,28.47,-16.25,64.99,10.29
Ostrovnoy,100,RU,1583030730,90,68.05,39.51,26.65,19.75
Daşoguz,100,TM,1583030731,93,41.84,59.97,39.2,6.93
Waipawa,70,NZ,1583030510,72,-41.41,175.52,69.01,13.87
Bagotville,8,AU,1583030734,69,-28.98,153.42,84.2,10.29
Clyde River,1,CA,1583030733,67,70.47,-68.59,-23.8,18.34
Alamosa,1,US,1583030736,32,37.47,-105.87,41.0,10.29
Prado,76,BR,1583030737,81,-17.34,-39.22,80.83,6.87
Tirschenreuth,1,DE,1583030738,100,49.88,12.33,43.0,3.36
Shakawe,100,BW,1583030740,92,-18.37,21.85,67.21,3.49
Fasa,0,IR,1583030741,93,28.94,53.65,39.2,2.89
Ulverstone,100,AU,1583030742,63,-41.15,146.17,68.0,7.72
Panabá,1,MX,1583030743,67,21.28,-88.27,66.87,9.98
Bowen,50,AU,1583030744,58,-20.02,148.23,91.0,16.11
Usinsk,100,RU,1583030745,91,65.99,57.53,23.02,17.87
Arandis,99,NA,1583030746,91,-22.42,14.97,64.17,4.0
Shenkursk,99,RU,1583030748,85,62.11,42.9,18.32,11.48
Chara,74,RU,1583030749,93,56.91,118.26,-1.48,1.48
Tecolutla,96,MX,1583030750,79,20.48,-97.02,70.11,18.59
El'brus,97,RU,1583030751,88,43.26,42.64,16.72,3.4
La Palma,40,US,1583030752,67,33.85,-118.05,62.6,12.75
Pizarro,75,CO,1583030753,79,4.95,-77.37,81.34,6.44
Kralendijk,37,BQ,1583030755,69,12.15,-68.27,80.6,13.87
Port Hardy,75,CA,1583030756,80,50.7,-127.42,41.0,8.05
Sergeevka,100,KZ,1583030757,88,53.88,67.42,18.81,8.12
Jacareacanga,100,BR,1583030557,95,-6.22,-57.75,74.84,1.19
Gračac,40,HR,1583030759,65,44.3,15.85,51.01,9.17
Sandy Bay,100,AU,1583030578,43,-42.91,147.35,72.0,6.93
Muravlenko,100,RU,1583030518,89,63.79,74.52,28.87,24.65
Kudahuvadhoo,2,MV,1583030763,78,2.67,72.89,82.44,13.38
Kelvington,100,CA,1583030764,81,52.17,-103.53,26.73,5.3
Asău,100,RO,1583030511,70,46.43,26.4,35.01,12.75
Haining,75,CN,1583030766,87,30.54,120.69,63.0,8.95
Rūdbār,0,AF,1583030767,35,30.15,62.6,58.78,8.03
Verkhnyaya Inta,100,RU,1583030768,94,65.98,60.31,25.93,16.75
Champerico,0,GT,1583030769,73,14.3,-91.92,76.5,3.83
Kendal,100,GB,1583030481,75,54.33,-2.75,44.01,15.99
Panjāb,0,AF,1583030772,47,34.39,67.02,11.25,3.18
Ardeşen,90,TR,1583030773,93,41.19,40.99,48.2,13.87
Manzhouli,91,CN,1583030774,89,49.6,117.43,11.3,3.96
Chapais,90,CA,1583030775,84,49.78,-74.85,8.6,5.82
Najrān,0,SA,1583030776,22,17.49,44.13,66.2,3.36
Santa Barbara,90,US,1583030778,76,34.42,-119.7,60.8,6.93
São José da Coroa Grande,16,BR,1583030779,75,-8.9,-35.15,82.04,9.95
Pakse,71,LA,1583030780,61,15.12,105.78,80.6,4.7
Colares,40,PT,1583030781,87,38.8,-9.45,59.0,10.29
Romhány,100,HU,1583030782,64,47.93,19.26,39.99,6.93
Arona,0,ES,1583030784,77,28.1,-16.68,64.99,8.05
Sturgis,1,US,1583030785,62,41.8,-85.42,24.01,6.93
Arroyo de la Encomienda,90,ES,1583030786,93,41.61,-4.8,45.0,20.8
Angarsk,75,RU,1583030787,92,52.54,103.89,14.0,8.95
Adrar,0,MR,1583030788,15,20.5,-10.07,67.77,9.08
Nara,75,JP,1583030789,62,34.69,135.8,55.0,10.29
St. George's,20,GD,1583030559,69,12.06,-61.75,78.8,16.11
Arcata,40,US,1583030634,81,40.87,-124.08,48.2,16.11
Tigil',47,RU,1583030793,83,57.8,158.67,9.9,8.9
Quanzhou,20,CN,1583030794,83,24.91,118.59,69.8,4.47
Dunedin,25,NZ,1583030795,57,-45.87,170.5,66.99,13.0
Atambua,91,ID,1583030796,63,-9.11,124.89,84.11,5.1
Elesbão Veloso,100,BR,1583030797,95,-6.2,-42.14,73.71,0.94
Mogoytuy,99,RU,1583030799,84,51.28,114.92,12.78,5.08
Koumac,41,NC,1583030800,56,-20.57,164.28,87.87,2.39
Ayagoz,0,KZ,1583030801,73,47.97,80.44,22.19,11.23
Matagami,90,CA,1583030605,83,49.75,-77.63,-5.8,2.24
Sungai Besar,20,MY,1583030803,74,3.67,100.99,84.2,5.82
Sarkand,0,KZ,1583030804,37,45.41,79.92,33.3,2.84
Eydhafushi,0,MV,1583030805,75,5.1,73.07,81.27,11.43
Salmon Creek,20,US,1583030807,100,45.71,-122.65,42.01,5.91
Uporovo,100,RU,1583030808,94,56.31,66.27,24.89,8.95
Noyabrsk,100,RU,1583030809,90,63.2,75.45,29.23,26.17
